client_name,img_src,img_alt,img_width,href
AECOM.com,/img/new-logos/aecom.png,AECOM.com,200,https://aecom.com/
AM King,/img/new-logos/amk.png,AM King,200,https://amkinggroup.com/
Alliance Residential Company,/img/new-logos/Alliance.jpg,Alliance Residential Company,200,http://www.allresco.com/
Andres Construction,/img/new-logos/andres.png, Andres Construction,200,https://www.andresconstruction.com/
Archer Western Contractors,/img/new-logos/Archer.png,Archer Western Contractors,200,http://www.walshgroup.com/
Armada Hoffler Construction,/img/new-logos/ArmadaHoffler.png,Armada Hoffler Construction,270,http://armadahofflerconstruction.com/
Aspen Heights Partners,/img/new-logos/aspen-heights.png,Aspen Heights Partners,200,https://www.ahpliving.com/
BACAR Constructors,/img/new-logos/bacar.png,BACAR Constructors,200,"https://web.nashvillechamber.com/Real-Estate-Construction/BACAR-Constructors,-Inc-20475"
BL Harbert,/img/new-logos/bl.jpeg,BL Harbert,200,https://www.blharbert.com/
Bainbridge Companies,/img/new-logos/Bainbridge.png,Bainbridge Companies,215,https://bainbridgecompanies.com/
Balfour Beatty,/img/new-logos/BalfourBeatty.png,Balfour Beatty,200,https://www.balfourbeatty.com/
Barnhill Contracting,/img/new-logos/barnhill.png,Barnhill Contracting,200,https://www.barnhillcontracting.com/
Barringer Construction,/img/new-logos/Barringer.png,Barringer Construction,245,https://www.barringerconstruction.com/
Baston-Cook Construction,/img/new-logos/Batson-Cook_Logo_Color.png,Baston-Cook Construction,193,http://www.batson-cook.com/
Batten Shaw,/img/new-logos/batten.png,Batten Shaw,200,https://battenshaw.com/home-mobile/
Bell Construction,/img/new-logos/bell.png,Bell Construction,200,https://bellconstructioncompany.com/
Brasfiled & Gorrie,/img/new-logos/Brasfield_Gorrie.png,Brasfiled & Gorrie,156,https://www.brasfieldgorrie.com/
Brinkman Construction,/img/new-logos/brinkmann.png,Brinkman Construction,200,https://brinkmanconstruction.com/
Bulley & Andrews,/img/new-logos/bulley-andrews.png,Bulley & Andrews,200,https://www.bulley.com/
CBG Building,/img/new-logos/cbg.png,CBG Building,200,https://www.cbgbuildingcompany.com/
CFC Construction,/img/new-logos/cfc.png,CFC Construction,200,https://www.cfcc.com/
Camden Builders,/img/new-logos/camden.png,Camden Builders,200,https://www.camdenbuildersinc.com/
Carocon,/img/new-logos/Carocon.png,Carocon,212,http://www.carocon.com/
Chhabra Construction,/img/new-logos/chhabara.jpeg,Chhabra Construction,200,https://www.linkedin.com/company/chhabra-construction-inc
Choate Construction,/img/new-logos/choate.png,Choate Construction,200,https://www.choateco.com/
Clancy & Theys Construction Company,/img/new-logos/clancytheys.jpeg,Clancy & Theys Construction Company,180,https://www.clancytheys.com/
Clark Builds,/img/new-logos/clark.png,Clark Builds,200,https://clarkbuilds.com/
Clayco,/img/new-logos/clayco.png,Clayco,200,https://claycorp.com/
Cleveland Construction,/img/new-logos/Cleveland_Construction.png,Cleveland Construction,115,https://www.clevelandconstruction.com/
Coastal Construction,/img/new-logos/costal.png,Coastal Construction,200,https://coastalconstruction.com/
Concorde Construction,/img/new-logos/concorde.jpg,Concorde Construction,143,http://www.concordeconst.com/
Connor & Gaskins,/img/new-logos/connor.png,Connor & Gaskins,200,https://www.instagram.com/kit.connor/
Cymbal Development,/img/new-logos/cymbal.jpeg,Cymbal Development,200,https://www.linkedin.com/company/cymbal-development
DPR Construction,/img/new-logos/DPR.png,DPR Construction,150,https://www.dpr.com/
Edifice General Contractors,/img/new-logos/edifice.png,Edifice General Contractors,192,https://edificeinc.com/
Edison Foard,/img/new-logos/Edison_Foard.png,Edison Foard,200,http://www.edisonfoard.com/
Elmington Construction,/img/new-logos/elmington.png,Elmington Construction,200,https://oneelmington.com/elmington-construction-2/
FCL Builders,/img/new-logos/fcl.png,FCL Builders,200,https://fclbuilders.com/
Foard Construction,/img/new-logos/foard.png,Foard Construction,200,https://www.edisonfoard.com/
Fortune Johnson,/img/new-logos/fortune.png,Fortune Johnson,200,https://www.fortune-johnson.com/
Frampton Construction,/img/new-logos/Frampton.png,Frampton Construction,180,https://www.frampton.construction/
GCI Construction,/img/new-logos/gci.png,GCI Construction,200,https://gcigc.com/
GT McDonald Construction,/img/new-logos/gtmcdonald.png,GT McDonald Construction,200,http://www.gtmcdonald.com/
Gilbane Building Company,/img/new-logos/Gilbane.png,Gilbane Building Company,154,https://www.gilbaneco.com/
Gray Construction,/img/new-logos/gray.png,Gray Construction,200,https://www.gray.com/
Graycor Construction,/img/new-logos/graycor.jpg,Graycor Construction,210,http://www.graycor.com/
Greystar Worldwide,/img/new-logos/Greystar.jpg,Greystar Worldwide,184,https://www.greystar.com/
Hanover Company,/img/new-logos/Hanover.png,Hanover Company,200,https://www.hanoverco.com/
Hardaway Construction,/img/new-logos/hardaway.png,Hardaway Construction,200,https://www.hardaway.net/
Harkins Builders,/img/new-logos/Harkins.png,Harkins Builders,144,https://www.harkinsbuilders.com/
Harold Jordan Construction,/img/new-logos/haroldK.png,Harold Jordan Construction,200,https://www.hkjconstruction.com/
Hendrick Construction,/img/new-logos/Hendrick.jpg,Hendrick Construction,115,http://hendrickconstruction.com/
Hensel Phelps,/img/new-logos/HenselPhelps.png,Hensel Phelps,200,https://www.henselphelps.com/
Hitt Contracting,/img/new-logos/Hitt.png,Hitt Contracting,200,https://www.hitt.com/
Hoar Construction,/img/new-logos/hoar.png,Hoar Construction,200,https://hoar.com/
Hodges & Hicks,/img/new-logos/hodgesHicks.jpeg,Hodges & Hicks,200,https://www.hodges.edu/index.html
Holder Construction,/img/new-logos/Holder.png,Holder Construction,98,http://www.holderconstruction.com/
Hyder Construction,/img/new-logos/hyder.png,Hyder Construction,200,https://www.hyderinc.com/
Intercon Construction,/img/new-logos/interCon.png,Intercon Construction,200,https://www.intercon-const.com/
JD Goodrum,/img/new-logos/jdgoodrum.png,JD Goodrum,200,https://jdgoodrum.com/
JLB Partners,/img/new-logos/JLB.png,JLB Partners,91,http://www.jlbpartners.com/
Jaxi Construction,/img/new-logos/jaxi.png,Jaxi Construction,200,https://www.jaxi.com/
JeDunn Construction,/img/new-logos/JeDunn.png,JeDunn Construction,158,http://www.jedunn.com/
Jenison Construction,/img/new-logos/jenison.png,Jenison Construction,193,https://www.jenisonconstruction.com/
Kast Construction,/img/new-logos/kast.jpeg,Kast Construction,200,https://www.kastbuild.com/
Katerra Construction,/img/new-logos/Katerra.png,Katerra Construction,206,https://www.katerra.com/
Kaufman Lynn Construction,/img/new-logos/kaufman.png,Kaufman Lynn Construction,200,https://www.kaufmanlynn.com/
LCS of Carolina Development,/img/new-logos/lcsDevelopment.png,LCS of Carolina Development,200,https://www.lcsnet.com/
LMC a Lennar Company,/img/new-logos/LMC.png,LMC a Lennar Company,140,https://livelmc.com/home/
Landmark Builders,/img/new-logos/Landmark_Builders.png,Landmark Builders,215,https://www.landmarkbuilders.com/
Layton Construction Company,/img/new-logos/Layton.jpg,Layton Construction Company,185,http://www.laytonconstruction.com/
Lincoln Property Company,/img/new-logos/lincoln.png,Lincoln Property Company,200,https://www.lpc.com/
McHugh Construction,/img/new-logos/McHugh.png,McHugh Construction,200,https://mchughconstruction.com/
McShane Construction,/img/new-logos/McShane.png,McShane Construction,200,https://mcshaneconstruction.com/
Messer Construction,/img/new-logos/Messer.png,Messer Construction,200,https://www.messer.com/
Meyers & Chapman,/img/new-logos/Meyers_Chapman.png,Meyers & Chapman,178,https://www.myers-chapman.com/
Middleburg Communities,/img/new-logos/middleburg.png,Middleburg Communities,200,https://www.middleburgcommunities.com/
Milender White,/img/new-logos/Milender.png,Milender White,200,https://www.milenderwhite.com/
Miles & McClellan Construction,/img/new-logos/Miles_McClellan.png,Miles & McClellan Construction,130,http://mmbuildings.com/
Mill Creek Construction,/img/new-logos/millcreek.png,Mill Creek Construction,200,https://millcreekconstructioncompany.com/
Modern South Construction,/img/new-logos/modern.png,Modern South Construction,200,https://www.tate.org.uk/visit/tate-modern
Monteith Construction,/img/new-logos/monteith.png,Monteith Construction,200,https://www.monteithco.com/
Moriarty Construction,/img/new-logos/Moriarty.png,Moriarty Construction,193,http://www.jm-a.com/
Northwood Ravin,/img/new-logos/northwood.png,Northwood Ravin,200,https://nwrliving.com/
Opus Group,/img/new-logos/opus.png,Opus Group,200,https://www.opus-group.com/
Ordner Construction,/img/new-logos/ordner.png,Ordner Construction,200,https://www.ordner.com/
PS West Construction,/img/new-logos/pswest.jpeg,PS West Construction,200,https://m.facebook.com/p/PS-West-Construction-Co-Inc-100065676451904/
Powerbuild Construction,/img/new-logos/powerbuild.webp,Powerbuild Construction,200,https://www.power-build.com/
Prestige Building,/img/new-logos/PRESTIGE-Logo.png,Prestige Building,200,https://www.prestigeconstructions.com/
R.J. Leeper Construction,/img/new-logos/RJ_Leeper.png,R.J. Leeper Construction,115,https://www.leeperconstruction.com/
RMD Construction,/img/new-logos/rmd.jpeg,RMD Construction,200,https://www.rmdconstructionllc.com/
Ratzlaff Construction,/img/new-logos/ratzlaff.png,Ratzlaff Construction,200,https://www.ratzlaffconstructionllc.com/
Reeves Young Construction,/img/new-logos/reeves-young.png,Reeves Young Construction,200,https://www.reevesyoung.com/
Robins & Morton,/img/new-logos/robins-morton.png,Robins & Morton,200,https://www.robinsfcu.org/
Rodger Builders,/img/new-logos/Rodgers.png,Rodger Builders,178,https://www.rodgersbuilders.com/
Ryan Companies,/img/new-logos/ryan.png,Ryan Companies,200,https://www.ryancompanies.com/
Rycon Construction,/img/new-logos/rycon.png,Rycon Construction,200,https://ryconinc.com/
Samet Corporation,/img/new-logos/Samet-Corp.jpg,Samet Corporation,192,http://www.sametcorp.com/
Seawood Builders,/img/new-logos/seawood.jpeg,Seawood Builders,200,https://www.seawoodbuilders.com/
Shelco,/img/new-logos/Shelco.gif,Shelco,179,http://www.shelcollc.com/
Shell McElroy,/img/new-logos/shell.png,Shell McElroy,200,https://shellmcelroy.com/
Shiel Sexton,/img/new-logos/shiel.jpg,Shiel Sexton,93,http://www.shielsexton.com/
Skanska,/img/new-logos/Skanska.png,Skanska,190,https://www.skanska.com/
Sterling Construction,/img/new-logos/sterling.png,Sterling Construction,200,https://www.strlco.com/
Stokes Construction,/img/new-logos/stokes.jpeg,Stokes Construction,200,http://stokesconst.com/
Suffolk Construction,/img/new-logos/suffolk.png,Suffolk Construction,200,https://www.suffolk.com/
Swinerton,/img/new-logos/Swinerton.png,Swinerton,170,http://www.swinerton.com/
Thomas Construction Group,/img/new-logos/thomas.jpg,Thomas Construction Group,192,https://thomasconstructiongroup.com/
Trammell Crow Residential,/img/new-logos/Trammell_Crow.png,Trammell Crow Residential,127,https://www.crowholdings.com/tcr
Turner Construction Company,/img/new-logos/Turner.png,Turner Construction Company,124,https://www.turnerconstruction.com/
VA Health,/img/new-logos/vahealth.png,VA Health,196,http://www.va.gov/health/
VCC,/img/new-logos/vcc.png,VCC,200,https://www.vccusa.com/
Valor Construction,/img/new-logos/valor.png,Valor Construction,200,https://www.valorman.com/
Vannoy Contruction,/img/new-logos/Vannoy.png,Vannoy Contruction,132,https://www.jrvannoy.com/
Verdex,/img/new-logos/verdex.png,Verdex,200,https://www.vrtx.com/
WIMCO Corporation,/img/new-logos/Wimco.png,WIMCO Corporation,160,https://wimcocorp.com/
Weitz Company,/img/new-logos/weitz.png,Weitz Company,200,https://www.weitz.com/
Wells & Wells,/img/new-logos/wells.png,Wells & Wells,200,https://www.wellsandwellsconstruction.com/
Whiting-Turner Contracting Company,/img/new-logos/Whiting_Turner.png,Whiting-Turner Contracting Company,102,http://www.whiting-turner.com/
Wood Partners,/img/new-logos/Wood_Partners.png,Wood Partners,190,https://www.woodpartners.com/
Yates Construction,/img/new-logos/Yates.png,Yates Construction,168,https://www.wgyates.com/